{"lr": 1.2329545454545448e-05, "data_time": 0.0009044408798217773, "loss": 1.5544770956039429, "time": 0.17330920696258545, "epoch": 1, "step": 40}
{"accuracy/top1": 74.47183227539062, "step": 1}
{"lr": 3.1249999999999994e-05, "data_time": 0.0006064891815185547, "loss": 0.9687786638736725, "time": 0.1822533369064331, "epoch": 2, "step": 112}
{"accuracy/top1": 92.42958068847656, "step": 2}
{"lr": 3.1249999999999994e-05, "data_time": 0.0004964828491210938, "loss": 0.36570301949977874, "time": 0.18275279998779298, "epoch": 3, "step": 184}
{"accuracy/top1": 94.01408386230469, "step": 3}
{"lr": 3.1249999999999994e-05, "data_time": 0.000900721549987793, "loss": 0.2582334533333778, "time": 0.2108004331588745, "epoch": 4, "step": 256}
{"accuracy/top1": 93.83802795410156, "step": 4}
{"lr": 3.1249999999999994e-05, "data_time": 0.0005002975463867188, "loss": 0.24922039434313775, "time": 0.18463687896728515, "epoch": 5, "step": 328}
{"accuracy/top1": 94.54225158691406, "step": 5}
{"lr": 3.1249999999999994e-05, "data_time": 0.0007850408554077148, "loss": 0.2191654324531555, "time": 0.20515553951263427, "epoch": 6, "step": 400}
{"accuracy/top1": 95.07042694091797, "step": 6}
{"lr": 3.124419085924733e-05, "data_time": 0.00020055770874023439, "loss": 0.2185712233185768, "time": 0.1845059871673584, "epoch": 7, "step": 472}
{"accuracy/top1": 95.2464828491211, "step": 7}
{"lr": 3.1226769789199475e-05, "data_time": 0.0006006002426147461, "loss": 0.15685548707842828, "time": 0.18202290534973145, "epoch": 8, "step": 544}
{"accuracy/top1": 95.59859466552734, "step": 8}
{"lr": 3.119775583954074e-05, "data_time": 0.0008005380630493164, "loss": 0.16606453582644462, "time": 0.18581736087799072, "epoch": 9, "step": 616}
{"accuracy/top1": 95.07042694091797, "step": 9}
{"lr": 3.115718073659911e-05, "data_time": 0.00045638084411621095, "loss": 0.17082601748406886, "time": 0.1836864948272705, "epoch": 10, "step": 688}
{"accuracy/top1": 96.30281829833984, "step": 10}
{"lr": 3.1105088848653926e-05, "data_time": 0.0007074117660522461, "loss": 0.12285331040620803, "time": 0.18859968185424805, "epoch": 11, "step": 760}
{"accuracy/top1": 96.12676239013672, "step": 11}
{"lr": 3.104153713741985e-05, "data_time": 0.0004994392395019532, "loss": 0.15982628427445889, "time": 0.1870455265045166, "epoch": 12, "step": 832}
{"accuracy/top1": 95.42253875732422, "step": 12}
{"lr": 3.0966595095760065e-05, "data_time": 0.0009019851684570312, "loss": 0.1403803315013647, "time": 0.19154245853424073, "epoch": 13, "step": 904}
{"accuracy/top1": 96.30281829833984, "step": 13}
{"lr": 3.088034467169683e-05, "data_time": 0.0007053136825561524, "loss": 0.18450481705367566, "time": 0.18694212436676025, "epoch": 14, "step": 976}
{"accuracy/top1": 96.30281829833984, "step": 14}
{"lr": 3.0782880178802555e-05, "data_time": 0.00021567344665527344, "loss": 0.10647570826113224, "time": 0.18446922302246094, "epoch": 15, "step": 1048}
{"accuracy/top1": 95.59859466552734, "step": 15}
{"lr": 3.067430819306925e-05, "data_time": 0.0008016109466552734, "loss": 0.12319798022508621, "time": 0.18013997077941896, "epoch": 16, "step": 1120}
{"accuracy/top1": 95.9507064819336, "step": 16}
{"lr": 3.055474743636928e-05, "data_time": 0.0004970788955688477, "loss": 0.10407209619879723, "time": 0.1779784679412842, "epoch": 17, "step": 1192}
{"accuracy/top1": 96.12676239013672, "step": 17}
{"lr": 3.0424328646634726e-05, "data_time": 0.000593113899230957, "loss": 0.13852192386984824, "time": 0.18323197364807128, "epoch": 18, "step": 1264}
{"accuracy/top1": 96.12676239013672, "step": 18}
{"lr": 3.028319443489737e-05, "data_time": 0.0006953239440917969, "loss": 0.1294423785060644, "time": 0.18018958568572999, "epoch": 19, "step": 1336}
{"accuracy/top1": 95.77465057373047, "step": 19}
{"lr": 3.013149912934563e-05, "data_time": 0.0007562875747680664, "loss": 0.10060609821230174, "time": 0.18655872344970703, "epoch": 20, "step": 1408}
{"accuracy/top1": 95.9507064819336, "step": 20}
{"lr": 2.9969408606568967e-05, "data_time": 0.0005008220672607422, "loss": 0.13459837883710862, "time": 0.1820516586303711, "epoch": 21, "step": 1480}
{"accuracy/top1": 97.18309783935547, "step": 21}
{"lr": 2.9797100110174246e-05, "data_time": 0.00039722919464111326, "loss": 0.11282847076654434, "time": 0.17897658348083495, "epoch": 22, "step": 1552}
{"accuracy/top1": 96.30281829833984, "step": 22}
{"lr": 2.9614762056972462e-05, "data_time": 0.0004002571105957031, "loss": 0.13329030778259038, "time": 0.18360390663146972, "epoch": 23, "step": 1624}
{"accuracy/top1": 95.2464828491211, "step": 23}
{"lr": 2.9422593830947737e-05, "data_time": 0.0006048917770385742, "loss": 0.043440657947212455, "time": 0.18579423427581787, "epoch": 24, "step": 1696}
{"accuracy/top1": 95.9507064819336, "step": 24}
{"lr": 2.9220805565233844e-05, "data_time": 0.0004970788955688477, "loss": 0.11237021107226611, "time": 0.183943510055542, "epoch": 25, "step": 1768}
{"accuracy/top1": 96.30281829833984, "step": 25}
{"lr": 2.9009617912336708e-05, "data_time": 0.00035600662231445314, "loss": 0.10150217423215509, "time": 0.1846222162246704, "epoch": 26, "step": 1840}
{"accuracy/top1": 95.9507064819336, "step": 26}
{"lr": 2.8789261802854154e-05, "data_time": 0.0005934953689575196, "loss": 0.0757704951800406, "time": 0.18252317905426024, "epoch": 27, "step": 1912}
{"accuracy/top1": 96.47887420654297, "step": 27}
{"lr": 2.8559978192956664e-05, "data_time": 0.0002998828887939453, "loss": 0.09341411497443915, "time": 0.18289239406585694, "epoch": 28, "step": 1984}
{"accuracy/top1": 95.59859466552734, "step": 28}
{"lr": 2.8322017800905353e-05, "data_time": 0.0004987239837646485, "loss": 0.07333112210035324, "time": 0.18105559349060057, "epoch": 29, "step": 2056}
{"accuracy/top1": 96.12676239013672, "step": 29}
{"lr": 2.8075640832895224e-05, "data_time": 0.001108407974243164, "loss": 0.11082872729748487, "time": 0.2050147294998169, "epoch": 30, "step": 2128}
{"accuracy/top1": 96.6549301147461, "step": 30}
{"lr": 2.7821116698523536e-05, "data_time": 0.0006641626358032226, "loss": 0.0839753257110715, "time": 0.18475303649902344, "epoch": 31, "step": 2200}
{"accuracy/top1": 96.83098602294922, "step": 31}
{"lr": 2.755872371619433e-05, "data_time": 0.0005937337875366211, "loss": 0.08203950906172394, "time": 0.18529055118560792, "epoch": 32, "step": 2272}
{"accuracy/top1": 97.00704193115234, "step": 32}
{"lr": 2.7288748808781373e-05, "data_time": 0.0012724161148071288, "loss": 0.07223721947520971, "time": 0.20851655006408693, "epoch": 33, "step": 2344}
{"accuracy/top1": 97.00704193115234, "step": 33}
{"lr": 2.7011487189882183e-05, "data_time": 0.00039403438568115235, "loss": 0.09873679475858807, "time": 0.18586714267730714, "epoch": 34, "step": 2416}
{"accuracy/top1": 95.9507064819336, "step": 34}
{"lr": 2.672724204100632e-05, "data_time": 0.0005002737045288086, "loss": 0.07021549746859819, "time": 0.18619792461395263, "epoch": 35, "step": 2488}
{"accuracy/top1": 96.83098602294922, "step": 35}
{"lr": 2.6436324180050834e-05, "data_time": 0.0006021738052368164, "loss": 0.0668819572776556, "time": 0.1855304479598999, "epoch": 36, "step": 2560}
{"accuracy/top1": 96.30281829833984, "step": 36}
{"lr": 2.6139051721425464e-05, "data_time": 0.000400233268737793, "loss": 0.08004175629466773, "time": 0.18947145938873292, "epoch": 37, "step": 2632}
{"accuracy/top1": 96.12676239013672, "step": 37}
{"lr": 2.58357497281992e-05, "data_time": 0.00020015239715576172, "loss": 0.06469614636152983, "time": 0.1793959379196167, "epoch": 38, "step": 2704}
{"accuracy/top1": 95.59859466552734, "step": 38}
{"lr": 2.552674985664861e-05, "data_time": 0.0004014253616333008, "loss": 0.10378770967945457, "time": 0.18230221271514893, "epoch": 39, "step": 2776}
{"accuracy/top1": 97.00704193115234, "step": 39}
{"lr": 2.5212389993596538e-05, "data_time": 0.00046007633209228517, "loss": 0.07906695124693215, "time": 0.185325026512146, "epoch": 40, "step": 2848}
{"accuracy/top1": 96.6549301147461, "step": 40}
{"lr": 2.489301388693785e-05,